<?xml version="1.0" encoding="UTF-8"?>
<beans xmlns="http://www.springframework.org/schema/beans"
	xmlns:xsi="http://www.w3.org/2001/XMLSchema-instance"
	xmlns:context="http://www.springframework.org/schema/context"
	xsi:schemaLocation="http://www.springframework.org/schema/beans
      http://www.springframework.org/schema/beans/spring-beans-3.0.xsd
      http://www.springframework.org/schema/context
      http://www.springframework.org/schema/context/spring-context-3.0.xsd">




	<context:annotation-config />
	<bean id="human" class="com.spring.autowired.Human">


		<!-- <property name="heart" ref="heartObj"></property> -->
	</bean>

	<!-- <bean id="heart" class="com.spring.autowired.Heart"> </bean> //byname 
		Id and the variable name are the same //we have to change the autowire byname -->


	<bean id="heartObj" class="com.spring.autowired.Heart">
	</bean>
	<bean id="heartObj1" class="com.spring.autowired.Heart">
	</bean>

	<!-- //autowire byType class name be the same and we have to change autowire 
		by the byType -->

</beans>