<?xml version="1.0" encoding="UTF-8"?>
<beans xmlns = "http://www.springframework.org/schema/beans"
   xmlns:xsi = "http://www.w3.org/2001/XMLSchema-instance"
   xsi:schemaLocation = "http://www.springframework.org/schema/beans
   http://www.springframework.org/schema/beans/spring-beans-3.0.xsd">

<bean id="student" class="com.spring.di.Student">

    <property name="StudentName" value="Gowthami" ></property>
    <property name="Rollno" value="1"></property>
    <property name="address" ref="address1"></property>
    
</bean>
<bean id="address1" class="com.spring.di.Address">
  <property name="location" value="Ongole"></property>
  <property name="country" value="India"></property>    
</bean>
</beans>